k,silhouette_score,inertia
2,0.29490577437338944,23460.927418187537
3,0.21887987670105327,19654.875147737537
4,0.1902116593874803,17830.558469888783
5,0.1851823448049483,16203.34164314024
6,0.18607270491689676,15077.764616009626
